day,month,Temperature,RH,Ws,Rain,FFMC,DMC,DC,ISI,FWI,Region
1.3668974242575738,0.44079383762278296,0.7806565448366617,-0.3940843174971584,-0.49519707834365057,-0.13727646416388656,0.0902655803109049,1.7386244525413435,2.4594505009547736,-0.6328377632649596,-0.12894226754058952,1.010362971081845
-0.10066975495809297,-1.340747922769298,-1.1329383791492342,1.8603650825126037,-0.13673352163220212,-0.3606025358435009,-0.7824951913768463,-0.5975915397029886,-0.7306175509471385,-0.8442276111051393,-0.8592044727731214,1.010362971081845
0.5766689431414456,0.44079383762278296,1.0540272482632183,0.6005257119189131,-0.13673352163220212,-0.3606025358435009,0.5688763260751551,1.7307848015606575,1.4284238800823112,0.0717950628689728,0.6809849055354913,1.010362971081845
-0.21355953797468272,-1.340747922769298,-0.5861969722961211,1.0646770589797465,1.65558426192504,-0.081444946243983,-1.3314898703417215,-0.8014224652008163,-0.8760998348739278,-0.8912031328474015,-0.8857594620543043,-0.9897433186107869
1.0282280752078046,1.3315647178188235,-1.1329383791492342,0.5342183766245084,-0.13673352163220212,-0.3606025358435009,0.13953433355134265,-0.08017457497773381,-0.2794116268843434,-0.5623744806515664,-0.5405446013989256,1.010362971081845
0.6895587261580353,-1.340747922769298,-0.3128262688695646,0.3352963707412941,0.5801935917906947,-0.3047710179235973,0.08322718699084179,-0.61327084166436,-0.2077247043696937,-0.5623744806515664,-0.6334870638830661,-0.9897433186107869
0.2379995940916763,0.44079383762278296,1.3273979516897747,-1.653923688090849,-0.49519707834365057,-0.3606025358435009,1.1530629716403429,1.6523882917538009,0.7895668941429331,2.631960997822261,2.5531116498588915,1.010362971081845
1.4797872072741636,-0.44997704257325755,-0.039455565443008024,0.7331403825077227,-0.13673352163220212,-0.3606025358435009,0.6111066859955298,0.9311404015307186,1.6371593309337915,0.1892338672246282,0.6411524216137169,-0.9897433186107869
-1.3424573681405803,-1.340747922769298,-1.953050489428904,1.794057747218199,-0.8536606350550989,1.0351854121540884,-3.4711614396407233,-1.0601309475634435,-0.8950757849513351,-1.1260807415587124,-0.9388694406166703,-0.9897433186107869
-0.7780084530576314,-1.340747922769298,-1.406309082575791,-0.19516231161394407,0.9386571485021431,-0.3047710179235973,0.01284325379021673,-0.4956760769540748,-0.7306175509471385,-0.5623744806515664,-0.686597042445432,1.010362971081845
-1.1166778021074006,-0.44997704257325755,0.7806565448366617,-1.3223870116188252,-0.13673352163220212,-0.19310798208379015,0.47737721291434276,0.053099491693922675,-0.08965212611027061,-0.11610702410007583,-0.10238727825940652,1.010362971081845
-0.6651186700410416,1.3315647178188235,0.23391513798354854,0.7331403825077227,-1.2121241917665473,0.6443647867147635,-1.268144330461159,-0.9895740887372725,-0.8529070070015411,-0.9616664154607947,-0.8990369566948958,-0.9897433186107869
1.5926769902907532,-0.44997704257325755,1.0540272482632183,-0.3940843174971584,0.2217300350792463,-0.3606025358435009,0.7729897323569682,0.703790523090834,0.16336054158849306,0.7999156498740363,0.8137598519414061,1.010362971081845
-0.10066975495809297,0.44079383762278296,1.0540272482632183,-0.46039165279156313,-0.8536606350550989,-0.19310798208379015,0.3154941665529053,0.06093914267460832,0.9097479112998459,-0.2570335893268622,-0.10238727825940652,-0.9897433186107869
0.350889377108266,-1.340747922769298,-0.039455565443008024,0.3352963707412941,-0.49519707834365057,2.15181577055216,-0.9373398444182216,-0.8171017671621876,-0.8676660792839689,-0.8912031328474015,-0.8857594620543043,1.010362971081845
1.0282280752078046,-0.44997704257325755,1.8741393585428878,0.13637436485807977,-2.2875148619008927,0.309375679195342,-0.28980765897247085,-0.24480724557213315,-0.7053162841772623,-0.8677153719762705,-0.8459269781325298,1.010362971081845
1.5926769902907532,1.3315647178188235,-2.2264211928554607,0.13637436485807977,-0.13673352163220212,-0.24893950000369372,-0.7473032247765338,-0.8641396730463018,-0.6926656507923241,-0.8442276111051393,-0.8724819674137129,1.010362971081845
0.2379995940916763,-1.340747922769298,0.23391513798354854,0.0037596942692702424,-1.9290513051894442,4.4967395231881095,-0.8739943045376587,-0.8014224652008163,-0.8655576403864793,-0.9146908937185326,-0.8857594620543043,1.010362971081845
-1.5682369341737596,1.3315647178188235,-2.7731625997085736,1.5951357413349847,-0.13673352163220212,5.278380774066759,-3.337431966559536,-1.1071688534475579,-0.8929673460538453,-1.1260807415587124,-0.9388694406166703,-0.9897433186107869
0.5766689431414456,1.3315647178188235,0.7806565448366617,-1.8528456939740632,0.5801935917906947,-0.3606025358435009,1.0052567119190308,0.6881112211294628,1.0109529783793514,2.1152302586573772,1.9290694017510914,1.010362971081845
0.12510981107508654,-1.340747922769298,-0.5861969722961211,1.794057747218199,0.2217300350792463,-0.025613428324079444,-2.8588212207952854,-1.075810249524815,-0.8760998348739278,-1.1260807415587124,-0.9388694406166703,-0.9897433186107869
0.5766689431414456,1.3315647178188235,-0.3128262688695646,-0.46039165279156313,-1.5705877484779958,-0.3606025358435009,0.6955674058362801,0.13149600150077945,0.18022805276841058,0.1422583454823662,0.16316261455242337,-0.9897433186107869
-0.8908982360742211,0.44079383762278296,-0.039455565443008024,-0.1288549763195393,0.9386571485021431,-0.19310798208379015,-0.05754067941040833,-0.27616584949487577,-0.049591787057966394,-0.6093500023938285,-0.5936545799612917,-0.9897433186107869
0.350889377108266,0.44079383762278296,0.7806565448366617,0.2689890354468893,-0.13673352163220212,-0.3047710179235973,0.3366093465130926,1.4015194603718595,1.0004107838919027,-0.35098463281138664,0.08349764670887437,1.010362971081845
0.46377916012485576,-0.44997704257325755,0.23391513798354854,0.20268170015248455,-0.13673352163220212,-0.3047710179235973,0.24511023335228024,-0.197769339688019,0.2687824864629779,-0.46842343716704204,-0.40776965499301077,-0.9897433186107869
0.46377916012485576,0.44079383762278296,1.0540272482632183,1.263599064862961,-0.13673352163220212,-0.3606025358435009,0.4069932797137177,1.5347935270435156,1.215471551435852,-0.23354582845573124,0.2561050770365637,1.010362971081845
0.46377916012485576,1.3315647178188235,-1.1329383791492342,1.462521070746175,0.9386571485021431,-0.3606025358435009,0.4140316730337798,-0.10369352791979089,-0.001097692415703414,-0.06913150235781361,-0.10238727825940652,-0.9897433186107869
-1.2295675851239904,-1.340747922769298,-1.406309082575791,0.9983697236853418,0.2217300350792463,-0.3606025358435009,-0.9232630577780964,-0.9268568808917871,-0.7411597454345871,-0.8442276111051393,-0.8724819674137129,-0.9897433186107869
-1.0037880190908108,-1.340747922769298,0.23391513798354854,-0.5266989880859679,-0.8536606350550989,-0.3606025358435009,0.7237209791165304,-0.3859209632244753,-0.3974842051437665,0.37713595419367707,0.017110173505916926,-0.9897433186107869
0.12510981107508654,1.3315647178188235,0.5072858414101051,-1.1897723410300156,-1.2121241917665473,-0.3606025358435009,1.026371891879218,0.8135456368204335,0.29408375323285424,1.5045484760079688,1.3846921214868402,1.010362971081845
-0.8908982360742211,-1.340747922769298,-1.1329383791492342,-0.7256209939691822,0.5801935917906947,0.36520719711524563,-0.4587290986539704,-0.5583932847995602,-0.8845335904638866,-0.7737643284917461,-0.8326494834919385,1.010362971081845
-0.8908982360742211,1.3315647178188235,-0.5861969722961211,0.7331403825077227,0.5801935917906947,0.1418811254356313,-1.1203380707398465,-0.9582154848145299,-0.8634492014889896,-0.8677153719762705,-0.8857594620543043,-0.9897433186107869
-1.5682369341737596,0.44079383762278296,2.1475100619694443,-1.8528456939740632,-0.49519707834365057,-0.3606025358435009,1.0826790384397178,-0.31536410439830415,-0.5893521448153289,2.1152302586573772,0.8535923358631807,1.010362971081845
-0.6651186700410416,1.3315647178188235,-0.8595676757226777,0.7994477178021274,-0.13673352163220212,0.2535441612754385,-1.296297903741409,-0.7935828142201306,-0.8676660792839689,-0.9381786545896638,-0.8990369566948958,1.010362971081845
-0.5522288870244519,1.3315647178188235,-0.5861969722961211,0.9983697236853418,2.0140478186364885,0.6443647867147635,-1.3666818369420342,-1.0130930416793296,-0.8634492014889896,-0.8677153719762705,-0.8990369566948958,-0.9897433186107869
-1.4553471511571698,-0.44997704257325755,0.5072858414101051,-0.3940843174971584,0.5801935917906947,-0.3047710179235973,0.47737721291434276,-0.40160026518584674,-0.46495424986343675,-0.022155980615551407,-0.24843971930591285,1.010362971081845
0.2379995940916763,-0.44997704257325755,-0.3128262688695646,0.40160370603569884,-0.49519707834365057,-0.3606025358435009,0.5266459661547804,-0.21344864164939042,-0.13182090406006455,-0.04564374148668261,-0.14221976218118096,-0.9897433186107869
1.5926769902907532,0.44079383762278296,0.5072858414101051,-0.8582356645579917,-0.13673352163220212,-0.3606025358435009,0.7941049123171555,0.7821870328976909,2.313968217027984,0.7764278890029053,1.185529701877968,1.010362971081845
-0.10066975495809297,0.44079383762278296,0.7806565448366617,-1.057157670441206,-0.8536606350550989,-0.19310798208379015,0.4210700663538429,0.16285460542352206,0.10221581356129188,-0.3040091110691244,-0.20860723538413842,1.010362971081845
1.705566773307343,0.44079383762278296,-1.1329383791492342,1.1972917295685561,2.0140478186364885,9.019092474700301,-1.7889854361457844,-0.4799967749927035,-0.8571238847965205,-0.9851541763319259,-0.8990369566948958,-0.9897433186107869
1.4797872072741636,1.3315647178188235,-1.6796797860023474,1.1972917295685561,0.2217300350792463,0.6443647867147635,-2.1479434954689722,-0.9346965318724728,-0.8782082737714174,-1.055617458945319,-0.9255919459760789,-0.9897433186107869
1.1411178582243942,-1.340747922769298,-0.3128262688695646,0.13637436485807977,0.9386571485021431,-0.3606025358435009,0.625183472635655,0.23341146424969333,0.4733010595194785,0.44759923680707026,0.46854499128602745,-0.9897433186107869
0.012220028058496785,0.44079383762278296,1.0540272482632183,-0.06254764102513452,0.9386571485021431,-0.19310798208379015,0.16064951351152995,-0.24480724557213315,0.8654706944525624,-0.46842343716704204,-0.3812146657118277,-0.9897433186107869
-1.2295675851239904,-0.44997704257325755,0.5072858414101051,-1.1234650057356108,0.9386571485021431,-0.3606025358435009,0.8856040254779679,0.3039683230758643,-0.06224242044290461,1.5280362368791003,1.052754755472053,1.010362971081845
0.6895587261580353,0.44079383762278296,1.0540272482632183,-0.46039165279156313,0.9386571485021431,-0.3606025358435009,0.7870665189970925,1.4642366682173447,2.1495099830237883,1.199207584683265,1.7697394660639931,-0.9897433186107869
1.0282280752078046,1.3315647178188235,-1.6796797860023474,1.263599064862961,2.0140478186364885,2.8776255035109064,-2.063482775628222,-0.9268568808917871,-0.8782082737714174,-1.0321296980741879,-0.9255919459760789,-0.9897433186107869
-0.10066975495809297,1.3315647178188235,-2.2264211928554607,1.3299064001573657,-0.13673352163220212,-0.13727646416388656,-2.323903328470535,-1.0914895514861864,-0.8866420293613763,-1.0791052198164501,-0.9388694406166703,-0.9897433186107869
-1.2295675851239904,0.44079383762278296,0.5072858414101051,-1.3223870116188252,0.5801935917906947,-0.3047710179235973,0.7307593724365926,0.6881112211294628,0.06637235230396696,3.3365938239561936,0.7340948840978573,1.010362971081845
-1.5682369341737596,-0.44997704257325755,-1.406309082575791,0.8657550530965322,1.2971207052135916,0.309375679195342,-1.5637568499037842,-0.9738947867759011,-0.8655576403864793,-0.9381786545896638,-0.8990369566948958,-0.9897433186107869
0.9153382921912148,1.3315647178188235,-0.8595676757226777,0.20268170015248455,1.2971207052135916,-0.025613428324079444,-0.6769192915759087,-0.7308656063746451,-0.7200753564596901,-0.7737643284917461,-0.8459269781325298,-0.9897433186107869
-0.4393391040078622,-1.340747922769298,-1.406309082575791,-0.26146964690834884,0.5801935917906947,-0.3606025358435009,0.7729897323569682,0.5077992485736921,-0.2435681656270186,0.9173544542296918,0.7739273680196318,1.010362971081845
-1.4553471511571698,1.3315647178188235,-1.953050489428904,1.0646770589797465,-0.13673352163220212,1.7609951451128347,-2.4857863748319726,-1.0679705985441295,-0.8824251515663969,-1.1025929806875814,-0.9388694406166703,-0.9897433186107869
0.6895587261580353,-1.340747922769298,0.23391513798354854,-1.057157670441206,-0.49519707834365057,0.2535441612754385,0.026920040430341942,-0.5270346808768176,-0.8655576403864793,-0.6798132850072218,-0.7795395049295724,1.010362971081845
-1.5682369341737596,-1.340747922769298,-0.5861969722961211,0.7331403825077227,-0.8536606350550989,1.8726581809526421,-1.5637568499037842,-0.950375833833844,-0.8760998348739278,-0.9851541763319259,-0.9123144513354873,1.010362971081845
0.2379995940916763,1.3315647178188235,1.0540272482632183,-1.919153029268468,-0.8536606350550989,-0.3047710179235973,0.89264241879803,0.8605835427045476,0.5998073933688604,0.9878177368430852,1.105864734034419,1.010362971081845
1.5926769902907532,-1.340747922769298,0.23391513798354854,-0.791928329263587,-0.49519707834365057,-0.3606025358435009,0.758912945716843,0.6332336642646628,0.9160732279923149,0.5650380411627257,0.7739273680196318,-0.9897433186107869
0.9153382921912148,1.3315647178188235,-1.6796797860023474,-0.8582356645579917,-3.362905532035238,0.7560278225545706,-1.1696068239802841,-0.22912794361076172,-0.44808673868351917,-0.9851541763319259,-0.8857594620543043,1.010362971081845
-1.1166778021074006,1.3315647178188235,-0.8595676757226777,0.7994477178021274,1.2971207052135916,-0.3047710179235973,-0.14903979257122071,-0.879818975007673,-0.3616407438864415,-0.6328377632649596,-0.8193719888513469,-0.9897433186107869
-1.5682369341737596,0.44079383762278296,0.7806565448366617,-0.46039165279156313,-1.2121241917665473,-0.13727646416388656,0.005804860470154624,-0.7073466534325882,-0.8297141791291545,-0.7267888067494839,-0.8326494834919385,-0.9897433186107869
-0.10066975495809297,-0.44997704257325755,-0.5861969722961211,1.1972917295685561,1.2971207052135916,-0.13727646416388656,-1.2118371839006588,-0.7543845593167021,-0.6821234563048756,-0.8677153719762705,-0.8724819674137129,-0.9897433186107869
0.350889377108266,-1.340747922769298,-0.3128262688695646,-0.46039165279156313,0.2217300350792463,-0.3047710179235973,0.13953433355134265,-0.8092621161815019,-0.7032078452797725,-0.5388867197804352,-0.7529845156483894,-0.9897433186107869
-0.5522288870244519,-1.340747922769298,-0.3128262688695646,0.20268170015248455,-0.49519707834365057,-0.3606025358435009,0.4633004262742175,-0.18209003772664767,0.10432425245878145,-0.18657030671346903,-0.19532974074354698,-0.9897433186107869
1.3668974242575738,-0.44997704257325755,0.23391513798354854,0.932062388390937,-0.13673352163220212,-0.3606025358435009,0.6040682926754677,0.750828428974948,1.4431829523647393,0.1892338672246282,0.5614874537701681,-0.9897433186107869
0.802448509174625,0.44079383762278296,1.0540272482632183,-0.5930063233803726,0.2217300350792463,-0.3606025358435009,0.8152200922773428,1.7856623584254576,2.364570750567737,1.3166463890389204,2.022011864235232,-0.9897433186107869
-1.6811267171903495,-1.340747922769298,-0.8595676757226777,-0.3277769822027536,0.9386571485021431,-0.3606025358435009,-0.8599175178975335,-0.8954982769690444,-0.8803167126689071,-0.8207398502340083,-0.8724819674137129,-0.9897433186107869
0.46377916012485576,1.3315647178188235,0.5072858414101051,-0.26146964690834884,-0.8536606350550989,-0.24893950000369372,0.11138076027109221,0.3039683230758643,0.8148681609128096,-0.6328377632649596,-0.43432464427419376,1.010362971081845
-1.2295675851239904,1.3315647178188235,-0.8595676757226777,0.8657550530965322,0.2217300350792463,-0.3606025358435009,0.2028798734319046,-0.8954982769690444,-0.5345327334805968,-0.46842343716704204,-0.713152031726615,-0.9897433186107869
-0.21355953797468272,-0.44997704257325755,0.5072858414101051,-0.06254764102513452,-0.8536606350550989,-0.025613428324079444,-0.28276926565240773,-0.5505536338188746,-0.5577255613529835,-0.7972520893628772,-0.8326494834919385,-0.9897433186107869
0.802448509174625,-0.44997704257325755,-1.406309082575791,0.2689890354468893,2.372511375347937,-0.13727646416388656,-0.6839576848959708,-0.3388830573403612,0.46275886503203,-0.7033010458783528,-0.660042053164249,-0.9897433186107869
-1.4553471511571698,0.44079383762278296,1.8741393585428878,-1.919153029268468,0.5801935917906947,-0.3606025358435009,1.1108326117199683,0.17853390738489364,-0.36374918278393126,2.913814128275834,1.65024201429867,1.010362971081845
1.5926769902907532,-0.44997704257325755,-0.3128262688695646,1.1309843942741513,-0.13673352163220212,-0.3606025358435009,0.5266459661547804,1.0722541191830608,1.8269188317078642,-0.022155980615551407,0.4818224859266189,-0.9897433186107869
-0.4393391040078622,-0.44997704257325755,1.0540272482632183,-1.1897723410300156,-0.8536606350550989,-0.3606025358435009,0.8574504521977174,-0.17425038674596202,-0.6315209227651228,0.8234034107451678,0.3357700448801126,1.010362971081845
1.4797872072741636,-1.340747922769298,-0.039455565443008024,-0.9908503351468013,-0.8536606350550989,-0.19310798208379015,0.13953433355134265,0.2804493701338072,0.7389643606031805,-0.6093500023938285,-0.42104714963360224,-0.9897433186107869
-1.2295675851239904,-0.44997704257325755,0.23391513798354854,0.2689890354468893,-0.49519707834365057,-0.3606025358435009,0.561837932755093,-0.5662329357802459,-0.4523036164784986,0.0013317802555795927,-0.2882722032276873,-0.9897433186107869
0.9153382921912148,-1.340747922769298,-0.039455565443008024,0.2689890354468893,0.5801935917906947,-0.3606025358435009,0.561837932755093,-0.28400550047556156,0.13595083592112692,0.1892338672246282,0.05694265742769137,-0.9897433186107869
0.5766689431414456,-1.340747922769298,-0.5861969722961211,1.0646770589797465,-0.49519707834365057,-0.3606025358435009,0.21695666007202982,-0.6681483985291599,-0.37429137727137973,-0.5153989589093042,-0.6467645585236576,-0.9897433186107869
-0.32644932099127244,0.44079383762278296,0.7806565448366617,0.07006702956367501,-0.13673352163220212,-0.3606025358435009,0.6392602592757802,0.32748727601792144,0.7537234328856082,0.2596971498380216,0.41543501272366146,-0.9897433186107869
-0.21355953797468272,1.3315647178188235,-1.1329383791492342,1.263599064862961,-0.13673352163220212,-0.3606025358435009,0.47033881959427964,-0.17425038674596202,-0.16555592641989975,-0.11610702410007583,-0.1820522461029554,1.010362971081845
1.3668974242575738,1.3315647178188235,-1.406309082575791,1.6614430766293895,4.881756272328076,-0.081444946243983,-2.25351939526991,-0.8876586259883588,-0.873991395976438,-1.0321296980741879,-0.9123144513354873,1.010362971081845
1.5926769902907532,1.3315647178188235,-1.953050489428904,1.0646770589797465,-0.49519707834365057,0.4210387150351491,-2.3168649351504724,-1.0130930416793296,-0.8824251515663969,-1.0791052198164501,-0.9255919459760789,-0.9897433186107869
-1.3424573681405803,1.3315647178188235,-0.8595676757226777,0.7331403825077227,0.5801935917906947,-0.3047710179235973,-0.6698808982558456,-1.0130930416793296,-0.7095331619722416,-0.7972520893628772,-0.8724819674137129,-0.9897433186107869
0.012220028058496785,-0.44997704257325755,-0.3128262688695646,1.3962137354517703,0.5801935917906947,-0.3606025358435009,0.4633004262742175,0.358845879940664,-0.3426647938090343,-0.022155980615551407,0.030387668146508364,1.010362971081845
0.6895587261580353,-0.44997704257325755,-0.039455565443008024,-0.9245429998523965,0.9386571485021431,-0.3606025358435009,0.955987958678593,2.3030793231507123,0.859145377760093,1.9743036934305904,2.4336141980935673,1.010362971081845
-0.8908982360742211,-0.44997704257325755,0.23391513798354854,0.40160370603569884,1.2971207052135916,-0.3606025358435009,0.5407227527949047,-0.18209003772664767,0.009444502071745072,0.28318491070915264,0.12333013063064881,-0.9897433186107869
0.350889377108266,0.44079383762278296,0.7806565448366617,0.0037596942692702424,1.2971207052135916,-0.3606025358435009,0.8081816989572808,0.6567526172067198,1.5085445581869201,1.1522320629410026,1.3448596375650657,-0.9897433186107869
-0.5522288870244519,-0.44997704257325755,0.23391513798354854,0.932062388390937,-0.49519707834365057,-0.3606025358435009,0.22399505339209191,-0.5270346808768176,-0.6462799950475507,-0.5153989589093042,-0.6467645585236576,-0.9897433186107869
1.254007641240984,-1.340747922769298,1.0540272482632183,-0.46039165279156313,-0.13673352163220212,-0.3606025358435009,0.7870665189970925,0.4764406446509492,-0.12760402626508527,0.7529401281317742,0.6544299162543084,1.010362971081845
-0.7780084530576314,-0.44997704257325755,-0.039455565443008024,0.40160370603569884,-0.49519707834365057,0.4210387150351491,-0.7965719780169714,-0.5583932847995602,-0.8465816903090719,-0.8677153719762705,-0.8592044727731214,-0.9897433186107869
0.802448509174625,-1.340747922769298,0.23391513798354854,-0.19516231161394407,0.2217300350792463,0.08604960751572774,-0.26165408569222043,-0.61327084166436,-0.8655576403864793,-0.750276567620615,-0.8326494834919385,1.010362971081845
0.9153382921912148,-0.44997704257325755,0.23391513798354854,0.07006702956367501,0.5801935917906947,0.2535441612754385,-0.3601915921730959,0.4764406446509492,0.15281834710104458,-0.750276567620615,-0.606932074601883,1.010362971081845
0.2379995940916763,-0.44997704257325755,0.23391513798354854,0.40160370603569884,-0.13673352163220212,-0.3606025358435009,0.5759147193952172,0.7116301740715195,0.04739640222655971,0.09528282374010401,0.2693825716771551,1.010362971081845
0.802448509174625,-1.340747922769298,-0.039455565443008024,0.0037596942692702424,0.9386571485021431,-0.3047710179235973,0.24511023335228024,-0.5191950298961319,-0.034832714775538454,-0.35098463281138664,-0.43432464427419376,-0.9897433186107869
-1.6811267171903495,0.44079383762278296,1.6007686551163314,-0.6593136586747774,-0.49519707834365057,-0.3606025358435009,0.026920040430341942,-0.8171017671621876,-0.8191719846417059,-0.6563255241360907,-0.8326494834919385,1.010362971081845
-1.6811267171903495,-1.340747922769298,-0.039455565443008024,0.6005257119189131,-1.2121241917665473,0.030218089595824116,-1.465219343422909,-0.9660551357952155,-0.8676660792839689,-0.9851541763319259,-0.9123144513354873,1.010362971081845
-0.5522288870244519,1.3315647178188235,-0.5861969722961211,0.7331403825077227,-0.49519707834365057,-0.3606025358435009,0.0902655803109049,-0.6524690965677884,-0.6905572118948343,-0.6328377632649596,-0.7795395049295724,1.010362971081845
0.46377916012485576,0.44079383762278296,0.7806565448366617,0.40160370603569884,1.2971207052135916,-0.3606025358435009,0.7307593724365926,0.8684231936852331,1.7130631312434206,0.9408422151008231,1.2917496590027,-0.9897433186107869
-0.5522288870244519,0.44079383762278296,2.1475100619694443,-2.051767699857278,-0.13673352163220212,-0.3606025358435009,1.146024578320281,0.6018750603419202,-0.06435085934039433,2.7728875630490477,1.9290694017510914,1.010362971081845
-1.0037880190908108,0.44079383762278296,0.5072858414101051,0.07006702956367501,-0.8536606350550989,1.2585114838337026,-0.5783817850950332,-0.5975915397029886,-0.8339310569241338,-0.8442276111051393,-0.8592044727731214,1.010362971081845
-0.10066975495809297,1.3315647178188235,-0.039455565443008024,-0.7256209939691822,-0.8536606350550989,-0.3606025358435009,0.758912945716843,0.09229774659735107,0.01787825766170398,0.49457475854933247,0.3623250341612957,1.010362971081845
-0.6651186700410416,0.44079383762278296,0.7806565448366617,-0.46039165279156313,-0.49519707834365057,-0.3606025358435009,0.7729897323569682,0.2961286720951788,0.3720959924399731,0.6120135629049879,0.6013199376919424,-0.9897433186107869
-0.32644932099127244,-0.44997704257325755,0.5072858414101051,1.263599064862961,-0.13673352163220212,-0.3606025358435009,0.27326380663252964,-0.40160026518584674,-0.25621879901195665,-0.4214479154247799,-0.4874346228365597,-0.9897433186107869
1.254007641240984,1.3315647178188235,-0.3128262688695646,0.2689890354468893,-1.5705877484779958,-0.3606025358435009,0.5477611461149678,-0.5113553789154461,-0.5155567834031896,-0.18657030671346903,-0.3944921603524193,-0.9897433186107869
-0.5522288870244519,-1.340747922769298,-0.3128262688695646,-1.3223870116188252,2.0140478186364885,-0.3606025358435009,0.89264241879803,0.2647700681724359,-0.3974842051437665,2.0212792151728527,1.2784721643621082,1.010362971081845
-1.4553471511571698,-1.340747922769298,-0.8595676757226777,1.1972917295685561,-0.49519707834365057,0.7560278225545706,-2.0564443823081593,-0.9895740887372725,-0.8803167126689071,-1.055617458945319,-0.9255919459760789,1.010362971081845
-0.32644932099127244,-1.340747922769298,-1.406309082575791,1.462521070746175,2.0140478186364885,0.309375679195342,-1.964945269147347,-0.6367897946064169,-0.6821234563048756,-1.0086419372030568,-0.9123144513354873,-0.9897433186107869
1.3668974242575738,0.44079383762278296,0.5072858414101051,0.13637436485807977,0.2217300350792463,-0.3606025358435009,0.8081816989572808,2.773458381991853,3.3955973714401995,0.5885258020338566,1.703351992861036,-0.9897433186107869
-0.32644932099127244,-0.44997704257325755,1.8741393585428878,-1.1234650057356108,-0.8536606350550989,-0.025613428324079444,0.5125691795146553,-0.27616584949487577,-0.8212804235391956,-0.1395947849712068,-0.3148271925088703,1.010362971081845
0.5766689431414456,-0.44997704257325755,0.23391513798354854,0.5342183766245084,0.5801935917906947,-0.3606025358435009,0.5266459661547804,0.288289021114493,0.46697574282700943,0.09528282374010401,0.22955008775538083,-0.9897433186107869
0.802448509174625,1.3315647178188235,-0.039455565443008024,-0.5266989880859679,-1.5705877484779958,-0.081444946243983,-0.29684605229253297,-0.5427139828381888,-0.39959264404125616,-0.8442276111051393,-0.8459269781325298,-0.9897433186107869
-1.2295675851239904,-1.340747922769298,-0.039455565443008024,-0.1288549763195393,-0.49519707834365057,-0.24893950000369372,-0.05754067941040833,-0.6916673514712167,-0.6694728229199374,-0.7033010458783528,-0.8193719888513469,1.010362971081845
-0.32644932099127244,-1.340747922769298,-0.5861969722961211,-0.6593136586747774,-0.13673352163220212,0.7560278225545706,-0.3953835587734084,-0.2683261985141901,-0.8760998348739278,-0.7972520893628772,-0.8193719888513469,1.010362971081845
0.350889377108266,1.3315647178188235,-0.8595676757226777,-1.3886943469132298,-2.645978418612341,-0.3047710179235973,0.4210700663538429,0.7900266838783764,0.7726993829630155,-0.49191119803817307,-0.19532974074354698,1.010362971081845
-1.2295675851239904,1.3315647178188235,-0.5861969722961211,-0.26146964690834884,-1.2121241917665473,1.9284896988725455,-0.831763944617284,-0.8484603710849303,-0.8634492014889896,-0.8912031328474015,-0.8857594620543043,1.010362971081845
-1.6811267171903495,-0.44997704257325755,-1.1329383791492342,-0.26146964690834884,0.9386571485021431,0.8676908583943779,-1.0006853842987835,-0.9111775789304157,-0.8613407625914998,-0.8442276111051393,-0.8724819674137129,1.010362971081845
0.6895587261580353,1.3315647178188235,-0.3128262688695646,-0.791928329263587,1.2971207052135916,-0.025613428324079444,-0.008271926169970589,-0.3310434063596756,-0.16766436531738949,-0.5623744806515664,-0.5670995906801086,-0.9897433186107869
0.46377916012485576,-0.44997704257325755,1.0540272482632183,-0.791928329263587,0.2217300350792463,-0.3606025358435009,0.8433736655575933,1.4015194603718595,0.45643354833956096,1.1052565411987405,1.3581371322056575,1.010362971081845
1.5926769902907532,0.44079383762278296,0.7806565448366617,0.5342183766245084,0.5801935917906947,0.08604960751572774,-0.367229985493158,0.8135456368204335,2.7630657021932903,-0.7267888067494839,-0.3812146657118277,-0.9897433186107869
-0.4393391040078622,1.3315647178188235,-0.8595676757226777,1.7277504119237943,-0.8536606350550989,-0.3606025358435009,-0.4868826719342208,-0.9582154848145299,-0.6905572118948343,-0.8442276111051393,-0.8724819674137129,-0.9897433186107869
0.2379995940916763,1.3315647178188235,-0.039455565443008024,-0.8582356645579917,-1.5705877484779958,-0.3606025358435009,0.8081816989572808,-0.39376061420516095,-0.3426647938090343,0.4710869976782013,0.08349764670887437,-0.9897433186107869
-0.6651186700410416,-1.340747922769298,-1.1329383791492342,1.1309843942741513,-1.2121241917665473,-0.3606025358435009,-0.33203801889284545,-0.41727956714721803,-0.06435085934039433,-0.8207398502340083,-0.8193719888513469,-0.9897433186107869
1.705566773307343,0.44079383762278296,-0.5861969722961211,-0.19516231161394407,1.2971207052135916,-0.3606025358435009,0.7870665189970925,1.0173765623182611,2.5058361566995466,1.175719823812134,1.6369645196580784,1.010362971081845
0.012220028058496785,-1.340747922769298,-0.8595676757226777,1.6614430766293895,-0.13673352163220212,-0.13727646416388656,-2.1479434954689722,-0.8327810691235589,-0.8718829570789484,-1.0791052198164501,-0.9255919459760789,1.010362971081845
1.0282280752078046,-0.44997704257325755,-0.3128262688695646,0.20268170015248455,0.9386571485021431,-0.3606025358435009,0.44922363963409234,-0.18209003772664767,0.8296272331952375,0.0013317802555795927,0.030387668146508364,-0.9897433186107869
0.46377916012485576,-1.340747922769298,-0.3128262688695646,0.6668330472133179,-0.49519707834365057,-0.24893950000369372,-1.2470291505009712,-0.8641396730463018,-0.8718829570789484,-0.9381786545896638,-0.8990369566948958,1.010362971081845
1.4797872072741636,-0.44997704257325755,0.5072858414101051,-0.19516231161394407,0.2217300350792463,-0.3606025358435009,0.7166825857964674,0.3666855309213498,-0.045374909262986936,0.6120135629049879,0.5083774752078021,1.010362971081845
1.254007641240984,0.44079383762278296,1.0540272482632183,-0.5266989880859679,-0.49519707834365057,-0.3606025358435009,0.9207959920782804,4.004283585959505,2.6977040963711096,1.2226953455543959,2.5265566605777083,1.010362971081845
-1.3424573681405803,0.44079383762278296,1.6007686551163314,-1.7865383586796586,-0.13673352163220212,-0.3606025358435009,1.1178710050400305,0.6410733152453486,-0.14025465965002332,2.5614977152088674,1.8361269392669506,1.010362971081845
-1.0037880190908108,1.3315647178188235,-0.3128262688695646,0.6005257119189131,0.5801935917906947,-0.19310798208379015,-0.5854201784150963,-0.9111775789304157,-0.4059179607337252,-0.7737643284917461,-0.8592044727731214,-0.9897433186107869
-1.6811267171903495,0.44079383762278296,1.0540272482632183,-1.1234650057356108,-0.49519707834365057,-0.3606025358435009,0.062112007030654476,-0.785743163239445,-0.825497301334175,-0.6563255241360907,-0.8193719888513469,-0.9897433186107869
-1.4553471511571698,-0.44997704257325755,-0.039455565443008024,0.932062388390937,1.65558426192504,0.030218089595824116,-1.0429157442191588,-0.9582154848145299,-0.8465816903090719,-0.8207398502340083,-0.8724819674137129,-0.9897433186107869
-1.1166778021074006,0.44079383762278296,-0.039455565443008024,0.8657550530965322,-0.49519707834365057,-0.3606025358435009,0.5970298993554055,-0.1428917828232193,-0.21615845995965247,0.09528282374010401,-0.03599980505644908,-0.9897433186107869
-0.7780084530576314,-1.340747922769298,-1.953050489428904,1.7277504119237943,-0.8536606350550989,-0.24893950000369372,-1.7608318628655346,-0.5427139828381888,-0.22248377665212163,-1.0321296980741879,-0.8990369566948958,-0.9897433186107869
1.5926769902907532,-1.340747922769298,0.5072858414101051,-1.3223870116188252,-0.13673352163220212,0.5885332687948599,0.12545754691121744,-0.22128829263007607,-0.8613407625914998,-0.6093500023938285,-0.6467645585236576,1.010362971081845
-1.0037880190908108,-1.340747922769298,0.7806565448366617,-1.1897723410300156,0.5801935917906947,-0.24893950000369372,0.5407227527949047,-0.3859209632244753,-0.43121922750360164,0.1422583454823662,-0.14221976218118096,1.010362971081845
0.12510981107508654,0.44079383762278296,1.3273979516897747,-0.6593136586747774,0.9386571485021431,-0.3606025358435009,0.8011433056372176,0.09229774659735107,1.082639900894001,1.1522320629410026,0.999644776909687,-0.9897433186107869
1.705566773307343,-0.44997704257325755,1.3273979516897747,-0.46039165279156313,-0.13673352163220212,-0.3606025358435009,0.8011433056372176,1.0565748172216896,0.3763128702349525,0.8234034107451678,0.9863672822690955,1.010362971081845
1.4797872072741636,-1.340747922769298,1.3273979516897747,-1.7202310233852538,-0.8536606350550989,-0.025613428324079444,0.5829531127152804,0.24125111523037884,-0.2667609934994052,0.0013317802555795927,0.017110173505916926,1.010362971081845
1.1411178582243942,0.44079383762278296,0.23391513798354854,-1.653923688090849,0.2217300350792463,-0.3606025358435009,1.0052567119190308,3.643659640847963,2.48475176772465,1.9508159325594594,3.084211435482551,1.010362971081845
1.1411178582243942,0.44079383762278296,-0.3128262688695646,1.0646770589797465,0.9386571485021431,-0.3606025358435009,0.5547995394350299,2.4128344368803116,2.9781264697372394,-0.022155980615551407,0.8801473251443636,-0.9897433186107869
-0.8908982360742211,1.3315647178188235,-0.5861969722961211,1.7277504119237943,-0.49519707834365057,-0.3606025358435009,0.3225325598729674,-0.6446294455871028,-0.4902555166333131,-0.4214479154247799,-0.5803770853207001,1.010362971081845
-0.4393391040078622,1.3315647178188235,-0.3128262688695646,0.6668330472133179,-0.49519707834365057,-0.3606025358435009,0.4421852463140302,-0.5113553789154461,-0.5092314667107204,-0.23354582845573124,-0.42104714963360224,1.010362971081845
0.2379995940916763,-1.340747922769298,-0.3128262688695646,1.0646770589797465,-0.49519707834365057,-0.19310798208379015,-1.4792961300630343,-1.0130930416793296,-0.8718829570789484,-0.9616664154607947,-0.9123144513354873,-0.9897433186107869
0.12510981107508654,1.3315647178188235,-0.3128262688695646,-0.6593136586747774,-0.49519707834365057,-0.3606025358435009,0.6885290125162179,-0.660308747548474,-0.5282074167881277,0.33016043245141485,-0.1554972568217724,-0.9897433186107869
-0.10066975495809297,-1.340747922769298,-1.1329383791492342,1.1972917295685561,0.5801935917906947,1.37017451967351,-2.007175629067722,-0.9268568808917871,-0.8845335904638866,-1.0321296980741879,-0.9255919459760789,-0.9897433186107869
0.012220028058496785,1.3315647178188235,-0.5861969722961211,0.20268170015248455,-0.49519707834365057,-0.3606025358435009,0.01284325379021673,-0.9111775789304157,-0.7095331619722416,-0.6798132850072218,-0.8326494834919385,-0.9897433186107869
0.802448509174625,-0.44997704257325755,-0.3128262688695646,0.6005257119189131,0.5801935917906947,-0.3606025358435009,0.6603754392359675,2.4912309466871685,1.0467964396366762,0.49457475854933247,1.2253621857997425,1.010362971081845
1.0282280752078046,-1.340747922769298,-0.3128262688695646,0.13637436485807977,-0.13673352163220212,-0.3606025358435009,0.6181450793155928,-0.0488159710549912,0.3046259477203027,0.21272162809575942,0.1764401091930148,-0.9897433186107869
-1.1166778021074006,-1.340747922769298,0.7806565448366617,-0.5266989880859679,-1.5705877484779958,-0.3047710179235973,0.4069932797137177,-0.5035157279347605,-0.4860386388383337,-0.39796015455364875,-0.5272671067583341,1.010362971081845
-0.4393391040078622,0.44079383762278296,1.8741393585428878,-2.7148410528013254,0.5801935917906947,-0.13727646416388656,1.0615638584795306,0.2804493701338072,-0.16555592641989975,2.5145221934666053,1.5572995518145296,1.010362971081845
-0.10066975495809297,-0.44997704257325755,0.5072858414101051,-1.1234650057356108,0.5801935917906947,-0.3606025358435009,0.8856040254779679,0.24909076621106463,-0.532424294583107,1.4340851933945757,0.9332573037067295,1.010362971081845
-0.7780084530576314,1.3315647178188235,-0.5861969722961211,1.1972917295685561,-0.13673352163220212,-0.3606025358435009,0.364762919793342,-0.5427139828381888,-0.31314664924417857,-0.3040091110691244,-0.4476021389147852,1.010362971081845
0.9153382921912148,0.44079383762278296,0.7806565448366617,-1.5876163527964442,-0.13673352163220212,-0.3606025358435009,0.9982183185989676,2.8596945427793954,2.0736061827141588,1.7394260847192795,2.6327766177024396,1.010362971081845
0.012220028058496785,0.44079383762278296,2.1475100619694443,-1.3886943469132298,-1.9290513051894442,-0.3047710179235973,0.9911799252789055,0.6097147113226059,0.3320356533876687,1.1052565411987405,1.0261997661908702,1.010362971081845
1.1411178582243942,1.3315647178188235,-0.3128262688695646,-0.5266989880859679,-1.5705877484779958,-0.3606025358435009,0.2873405932726549,-0.6916673514712167,-0.6968825285873035,-0.5388867197804352,-0.713152031726615,-0.9897433186107869
-0.7780084530576314,-0.44997704257325755,1.0540272482632183,-1.2560796763244204,-0.13673352163220212,0.700196304634667,0.3084557732328422,-0.42511921812790365,-0.8318226180266441,-0.37447239368251767,-0.5272671067583341,1.010362971081845
-1.3424573681405803,0.44079383762278296,0.5072858414101051,0.46791104133010364,-0.8536606350550989,-0.3606025358435009,0.49849239287453007,-0.5191950298961319,-0.6230871671751641,-0.18657030671346903,-0.42104714963360224,-0.9897433186107869
-0.5522288870244519,-0.44997704257325755,0.5072858414101051,-0.3940843174971584,-0.13673352163220212,1.2585114838337026,-0.21942372577184577,-0.6054311906836743,-0.8402563736166029,-0.750276567620615,-0.8326494834919385,1.010362971081845
0.6895587261580353,0.44079383762278296,1.3273979516897747,-0.5930063233803726,-0.49519707834365057,-0.3606025358435009,0.8152200922773428,2.060050142749456,1.64770152542124,0.7529401281317742,1.4643570893303894,1.010362971081845
0.12510981107508654,-0.44997704257325755,-0.039455565443008024,1.263599064862961,0.5801935917906947,-0.3606025358435009,0.47033881959427964,0.4921199466123208,-0.14868841523998222,-0.022155980615551407,0.08349764670887437,1.010362971081845
0.350889377108266,-0.44997704257325755,0.7806565448366617,-0.19516231161394407,0.5801935917906947,-0.3606025358435009,0.7166825857964674,-0.22128829263007607,0.072697668996436,0.6824768455183811,0.5083774752078021,-0.9897433186107869
-0.4393391040078622,-0.44997704257325755,-0.3128262688695646,0.8657550530965322,-0.8536606350550989,-0.3047710179235973,-0.19830854581165847,-0.5427139828381888,-0.456520494273478,-0.7737643284917461,-0.8193719888513469,-0.9897433186107869
1.3668974242575738,-1.340747922769298,1.3273979516897747,-1.653923688090849,-0.8536606350550989,-0.3606025358435009,1.026371891879218,0.970338656434147,0.06426391340647723,1.6219872803636242,1.5041895732521635,1.010362971081845
0.012220028058496785,1.3315647178188235,0.23391513798354854,-2.3833043763293014,-0.8536606350550989,-0.3606025358435009,1.1249093983600935,0.4999595975930063,0.20763775843577675,2.2091813021419013,1.623687025017487,1.010362971081845
1.1411178582243942,-1.340747922769298,1.0540272482632183,0.0037596942692702424,0.2217300350792463,-0.3606025358435009,0.6955674058362801,0.13149600150077945,-0.31314664924417857,0.5180625194204634,0.32249255023952117,1.010362971081845
-1.0037880190908108,0.44079383762278296,-0.039455565443008024,0.46791104133010364,0.2217300350792463,-0.3606025358435009,0.6040682926754677,0.053099491693922675,-0.015856764698131205,0.1657461063534972,0.12333013063064881,-0.9897433186107869
1.0282280752078046,0.44079383762278296,0.5072858414101051,-1.4550016822076346,0.9386571485021431,-0.3606025358435009,0.9982183185989676,3.2516770918136793,2.280233194668149,2.2326690630130326,3.1904313926072825,1.010362971081845
1.4797872072741636,0.44079383762278296,0.7806565448366617,-0.9245429998523965,0.9386571485021431,-0.3606025358435009,0.8574504521977174,3.0870444212192805,3.606441261189169,1.809889367332673,3.0709339408419596,-0.9897433186107869
-1.5682369341737596,1.3315647178188235,-1.1329383791492342,0.3352963707412941,1.2971207052135916,-0.3606025358435009,-0.17719336585147014,-0.9346965318724728,-0.6968825285873035,-0.6563255241360907,-0.8326494834919385,1.010362971081845
-1.4553471511571698,1.3315647178188235,-1.1329383791492342,0.8657550530965322,0.2217300350792463,-0.3606025358435009,0.30141737991278006,-0.8171017671621876,-0.5282074167881277,-0.35098463281138664,-0.606932074601883,1.010362971081845
-1.6811267171903495,1.3315647178188235,-1.953050489428904,0.932062388390937,0.5801935917906947,3.6592667543895567,-2.2464810019498476,-1.0601309475634435,-0.8824251515663969,-1.0791052198164501,-0.9255919459760789,-0.9897433186107869
0.350889377108266,1.3315647178188235,-0.8595676757226777,-0.3277769822027536,-0.49519707834365057,-0.3606025358435009,0.8011433056372176,-0.18209003772664767,-0.1697728042148792,0.7059646063895121,0.349047539520704,-0.9897433186107869
-1.3424573681405803,-1.340747922769298,-0.5861969722961211,0.13637436485807977,-0.49519707834365057,-0.3606025358435009,0.10434236695103011,-0.7543845593167021,-0.7158584786647108,-0.6093500023938285,-0.8060944942107554,1.010362971081845
-1.1166778021074006,-0.44997704257325755,-0.039455565443008024,0.07006702956367501,-0.49519707834365057,-0.3606025358435009,0.6392602592757802,-0.3075244534176185,-0.26043567680693613,0.1892338672246282,-0.03599980505644908,-0.9897433186107869
0.012220028058496785,-1.340747922769298,-0.8595676757226777,1.794057747218199,-0.8536606350550989,0.030218089595824116,-2.9432819406360355,-1.028772343640701,-0.8803167126689071,-1.1260807415587124,-0.9388694406166703,-0.9897433186107869
-1.3424573681405803,-0.44997704257325755,0.5072858414101051,-0.26146964690834884,0.9386571485021431,-0.3606025358435009,0.7096441924764052,-0.09585387693910524,-0.26465255460191556,0.7529401281317742,0.37560252880188716,1.010362971081845
-1.6811267171903495,-0.44997704257325755,-0.8595676757226777,0.40160370603569884,1.2971207052135916,0.19771264335553487,-1.268144330461159,-0.9660551357952155,-0.8592323236940101,-0.8677153719762705,-0.8857594620543043,-0.9897433186107869
1.254007641240984,-1.340747922769298,0.5072858414101051,-0.5930063233803726,0.9386571485021431,-0.3606025358435009,0.7800281256770303,0.5313182015157492,0.6525183658061028,1.0347932585853472,1.052754755472053,-0.9897433186107869
0.12510981107508654,0.44079383762278296,2.6942514688225576,-2.515919046918111,-2.2875148619008927,-0.3606025358435009,1.2727156580814059,1.213367836835403,0.5702892488040048,2.5614977152088674,2.247729273125287,1.010362971081845
1.254007641240984,-0.44997704257325755,1.0540272482632183,-0.9245429998523965,-0.8536606350550989,-0.3606025358435009,0.8715272388378427,0.5783561073998631,1.2470981348981975,0.9173544542296918,1.0925872393938276,-0.9897433186107869
0.6895587261580353,-0.44997704257325755,-1.1329383791492342,1.1309843942741513,0.9386571485021431,-0.3047710179235973,-0.31796123225272027,0.12365635052009367,0.6440846102161442,-0.7033010458783528,-0.5670995906801086,-0.9897433186107869
1.254007641240984,0.44079383762278296,0.23391513798354854,1.3299064001573657,2.0140478186364885,-0.3606025358435009,0.49145399955446795,2.5225895506099114,3.1805366038962495,-0.09261926322894462,0.8137598519414061,-0.9897433186107869
-1.4553471511571698,0.44079383762278296,0.7806565448366617,0.07006702956367501,-0.49519707834365057,-0.19310798208379015,-0.09273264601072087,-0.7151863044132737,-0.8297141791291545,-0.7267888067494839,-0.8326494834919385,-0.9897433186107869
-1.2295675851239904,0.44079383762278296,0.5072858414101051,0.20268170015248455,-0.8536606350550989,-0.3606025358435009,0.625183472635655,-0.2918451514562472,-0.41435171632368406,0.09528282374010401,-0.12894226754058952,-0.9897433186107869
-0.21355953797468272,0.44079383762278296,1.3273979516897747,-1.4550016822076346,-0.8536606350550989,-0.3606025358435009,0.9841415319588434,0.5861957583805488,0.1296255192286579,1.4105974325234447,1.1456972179561933,1.010362971081845
-0.32644932099127244,1.3315647178188235,-0.8595676757226777,-0.8582356645579917,1.2971207052135916,-0.3606025358435009,0.7518745523967799,-0.2604865475335045,-0.33633947711656526,1.0113054977142162,0.42871250736425315,1.010362971081845
-1.0037880190908108,-0.44997704257325755,1.6007686551163314,-1.2560796763244204,-0.8536606350550989,-0.081444946243983,0.49849239287453007,-0.1428917828232193,-0.2941706991667713,-0.16308254584233803,-0.24843971930591285,1.010362971081845
-0.7780084530576314,1.3315647178188235,-0.5861969722961211,0.9983697236853418,-0.13673352163220212,0.19771264335553487,-1.5356032766235341,-0.9974137397179582,-0.8634492014889896,-0.9616664154607947,-0.9123144513354873,-0.9897433186107869
0.12510981107508654,-0.44997704257325755,-0.8595676757226777,0.5342183766245084,-0.49519707834365057,-0.3606025358435009,0.3436477398331547,-0.42511921812790365,-0.3215804048341373,-0.37447239368251767,-0.4608796335553767,-0.9897433186107869
1.0282280752078046,-1.340747922769298,0.5072858414101051,0.5342183766245084,0.2217300350792463,-0.3606025358435009,0.5688763260751551,-0.1585710847845906,-0.5007977111207615,0.1422583454823662,-0.04927729969704052,1.010362971081845
0.9153382921912148,-0.44997704257325755,-1.1329383791492342,1.0646770589797465,0.2217300350792463,-0.3047710179235973,-0.5572666051348458,-0.40943991616653236,0.6398677324211647,-0.7972520893628772,-0.766262010288981,-0.9897433186107869
1.4797872072741636,1.3315647178188235,-2.2264211928554607,-0.5266989880859679,0.9386571485021431,-0.3047710179235973,0.12545754691121744,-0.8249414181428734,-0.7200753564596901,-0.7267888067494839,-0.8459269781325298,1.010362971081845
0.802448509174625,0.44079383762278296,1.0540272482632183,-1.2560796763244204,0.2217300350792463,-0.3606025358435009,0.9348727787184057,2.45203269178374,1.8627622929651888,1.5750117586213621,2.3141167463282444,1.010362971081845
0.9153382921912148,-1.340747922769298,0.7806565448366617,0.40160370603569884,0.2217300350792463,-0.3606025358435009,0.5196075728347174,-0.37808131224378966,-0.6821234563048756,0.024819541126710802,-0.2351622246653214,1.010362971081845
-0.7780084530576314,0.44079383762278296,1.8741393585428878,-1.2560796763244204,-1.2121241917665473,-0.3606025358435009,0.9700647453187182,0.13149600150077945,-0.3890504495538077,1.1287443020698715,0.7473723787384486,1.010362971081845
